cluster,dist_true,dist_pred,age_true,age_pred,bin_true,bin_pred,mass_true,mass_pred,dist_err,age_err,bin_err,mass_err
ASCC_20,0.3612610101699829,0.2957281470298767,7.406000137329102,7.6415205001831055,0.3567567467689514,0.45546451210975647,2.247297763824463,2.1258704662323,-0.0655328631401062,0.2355203628540039,0.09870776534080505,-0.12142729759216309
Alessi_24,0.48328500986099243,1.317199945449829,8.050000190734863,8.304275512695312,0.4897959232330322,0.7566162347793579,2.4534287452697754,2.626936912536621,0.8339149355888367,0.2542753219604492,0.2668203115463257,0.1735081672668457
BH_99,0.44488000869750977,1.016392707824707,7.644000053405762,7.9619879722595215,0.48451730608940125,0.8568369150161743,2.720062494277954,2.673776865005493,0.5715126991271973,0.31798791885375977,0.37231960892677307,-0.04628562927246094
Blanco_1,0.23752500116825104,0.5117778182029724,8.444999694824219,8.202195167541504,0.2348703145980835,0.6025431752204895,2.6329638957977295,2.6123363971710205,0.2742528170347214,-0.24280452728271484,0.367672860622406,-0.020627498626708984
COIN-Gaia_12,0.962664008140564,1.311643362045288,8.779000282287598,8.676959991455078,0.6166666746139526,0.8634074926376343,2.2814106941223145,2.0662522315979004,0.3489793539047241,-0.10204029083251953,0.24674081802368164,-0.21515846252441406
COIN-Gaia_24,0.9782660007476807,0.971902072429657,8.425999641418457,8.909242630004883,0.604651153087616,0.5838091969490051,2.1746397018432617,2.050325393676758,-0.006363928318023682,0.4832429885864258,-0.02084195613861084,-0.1243143081665039
Collinder_135,0.29468899965286255,0.5196689963340759,7.677999973297119,7.674578666687012,0.44102564454078674,0.4942377209663391,2.260624885559082,2.0600736141204834,0.22497999668121338,-0.003421306610107422,0.05321207642555237,-0.20055127143859863
Melotte_111,0.08622699975967407,0.06643503904342651,8.793999671936035,7.155050754547119,0.3346613645553589,0.4363603889942169,2.2910103797912598,1.5199133157730103,-0.01979196071624756,-1.638948917388916,0.10169902443885803,-0.7710970640182495
NGC_1039,0.5005490183830261,0.8036069273948669,8.399999618530273,8.47954273223877,0.4354657828807831,0.8833068609237671,2.9803810119628906,3.0392792224884033,0.3030579090118408,0.0795431137084961,0.447841078042984,0.058898210525512695
NGC_1901,0.418844997882843,0.6363086104393005,8.987000465393066,9.035396575927734,0.469696968793869,0.9221711158752441,2.3326990604400635,2.548809289932251,0.21746361255645752,0.04839611053466797,0.4524741470813751,0.2161102294921875
NGC_2215,0.9586589932441711,0.83356112241745,8.809000015258789,9.130742073059082,0.647398829460144,0.408610463142395,2.432725191116333,2.2096877098083496,-0.1250978708267212,0.32174205780029297,-0.23878836631774902,-0.2230374813079834
NGC_2287,0.7358229756355286,1.2624289989471436,8.312999725341797,8.420013427734375,0.5753588676452637,0.42288485169410706,3.0724551677703857,2.892974615097046,0.526606023311615,0.10701370239257812,-0.15247401595115662,-0.17948055267333984
NGC_2301,0.8864920139312744,1.0458929538726807,8.189000129699707,8.327491760253906,0.6479057669639587,0.3465869724750519,3.032782554626465,2.8600411415100098,0.15940093994140625,0.13849163055419922,-0.30131879448890686,-0.17274141311645508
NGC_2360,1.0762710571289062,1.521127700805664,9.031000137329102,9.251861572265625,0.46702128648757935,0.8686776161193848,3.1461756229400635,3.101133108139038,0.4448566436767578,0.22086143493652344,0.4016563296318054,-0.04504251480102539
NGC_2447,1.027627944946289,1.3004717826843262,8.805999755859375,9.193952560424805,0.4674285650253296,0.8190717101097107,3.101703405380249,3.1140148639678955,0.2728438377380371,0.3879528045654297,0.3516431450843811,0.012311458587646484
NGC_2482,1.3603119850158691,1.3528563976287842,8.60099983215332,8.810378074645996,0.6036585569381714,0.4374898374080658,2.500410556793213,2.3235013484954834,-0.007455587387084961,0.20937824249267578,-0.1661687195301056,-0.1769092082977295
NGC_2516,0.41102200746536255,1.4946365356445312,8.168000221252441,9.090263366699219,0.4335664212703705,0.8816335797309875,3.4668257236480713,3.9482250213623047,1.0836145281791687,0.9222631454467773,0.44806715846061707,0.4813992977142334
NGC_2539,1.3163789510726929,1.9279534816741943,8.869999885559082,9.038604736328125,0.41624364256858826,0.6175546646118164,2.9758331775665283,2.8243119716644287,0.6115745306015015,0.16860485076904297,0.20131102204322815,-0.1515212059020996
NGC_2682,0.8642460107803345,1.1144962310791016,9.550000190734863,9.076153755187988,0.41195476055145264,0.7349074482917786,3.2386012077331543,3.2037434577941895,0.2502502202987671,-0.473846435546875,0.3229526877403259,-0.034857749938964844
NGC_3114,0.9909409880638123,1.7004225254058838,8.157999992370605,8.127284049987793,0.5740997195243835,0.7294415235519409,3.402850866317749,3.2982866764068604,0.7094815373420715,-0.0307159423828125,0.15534180402755737,-0.10456418991088867
NGC_3532,0.47814300656318665,1.6425995826721191,8.517999649047852,9.900796890258789,0.5949752330780029,0.9083653688430786,3.516763687133789,4.145655155181885,1.1644565761089325,1.3827972412109375,0.3133901357650757,0.6288914680480957
NGC_3680,1.0494569540023804,1.6969001293182373,9.243000030517578,9.922950744628906,0.5106382966041565,0.5453975200653076,2.2956559658050537,2.6179661750793457,0.6474431753158569,0.6799507141113281,0.03475922346115112,0.322310209274292
NGC_5460,0.7080079913139343,1.666210412979126,8.282999992370605,8.86683177947998,0.5381355881690979,0.43814617395401,2.5776164531707764,2.6624574661254883,0.9582024216651917,0.583831787109375,-0.09998941421508789,0.08484101295471191
NGC_5822,0.8278189897537231,1.0392489433288574,8.965999603271484,9.706839561462402,0.65887850522995,0.2778576910495758,3.0682387351989746,2.795783281326294,0.21142995357513428,0.740839958190918,-0.38102081418037415,-0.27245545387268066
NGC_6475,0.27775299549102783,0.5320009589195251,8.444999694824219,9.070908546447754,0.4741506576538086,0.9442679286003113,3.1683082580566406,3.367818832397461,0.2542479634284973,0.6259088516235352,0.4701172709465027,0.1995105743408203
NGC_6633,0.39250099658966064,0.8344034552574158,8.932000160217285,8.962100982666016,0.7694174647331238,0.8138425350189209,2.773650646209717,2.8435280323028564,0.4419024586677551,0.03010082244873047,0.04442507028579712,0.06987738609313965
NGC_6811,1.15071702003479,1.446101427078247,8.991000175476074,8.95952320098877,0.5140449404716492,0.6542854309082031,2.7619268894195557,2.5758228302001953,0.29538440704345703,-0.03147697448730469,0.14024049043655396,-0.18610405921936035
NGC_6866,1.444743037223816,1.4417483806610107,8.831999778747559,9.108072280883789,0.6234939694404602,0.795864462852478,2.7743990421295166,2.5477030277252197,-0.0029946565628051758,0.27607250213623047,0.17237049341201782,-0.22669601440429688
NGC_6940,1.0092869997024536,1.1861801147460938,8.98900032043457,9.292658805847168,0.6843658089637756,0.911015510559082,3.0754432678222656,2.963092803955078,0.17689311504364014,0.30365848541259766,0.2266497015953064,-0.1123504638671875
NGC_6991,0.5667300224304199,0.5558947920799255,9.182999610900879,9.240575790405273,0.6442952752113342,0.6677834987640381,2.6724305152893066,2.596886396408081,-0.010835230350494385,0.05757617950439453,0.023488223552703857,-0.07554411888122559
NGC_7058,0.365788996219635,0.7842459082603455,7.802999973297119,8.107135772705078,0.3936781585216522,0.8100297451019287,2.4535017013549805,2.3433125019073486,0.41845691204071045,0.304135799407959,0.4163515865802765,-0.11018919944763184
NGC_7063,0.6692900061607361,0.6992537379264832,7.873000144958496,8.389189720153809,0.48447203636169434,0.3864905834197998,2.3555378913879395,2.1769256591796875,0.02996373176574707,0.5161895751953125,-0.09798145294189453,-0.17861223220825195
NGC_752,0.4390389919281006,0.764530599117279,9.244000434875488,9.771294593811035,0.40882351994514465,0.572699248790741,2.6559996604919434,2.6069588661193848,0.32549160718917847,0.5272941589355469,0.1638757288455963,-0.049040794372558594
RSG_5,0.3346729874610901,0.33894985914230347,7.803999900817871,7.749966621398926,0.4331210255622864,0.3027432858943939,2.1655635833740234,2.0913431644439697,0.004276871681213379,-0.05403327941894531,-0.13037773966789246,-0.07422041893005371
Ruprecht_147,0.30434998869895935,0.5550102591514587,9.446999549865723,9.225746154785156,0.44329896569252014,0.589345395565033,2.4502341747283936,2.6721208095550537,0.2506602704524994,-0.2212533950805664,0.14604642987251282,0.22188663482666016
Stephenson_1,0.3563530147075653,0.3563534617424011,7.818999767303467,7.63296365737915,0.4353741407394409,0.4983636140823364,2.414067029953003,2.333635091781616,4.470348358154297e-07,-0.1860361099243164,0.06298947334289551,-0.08043193817138672
Stock_1,0.4058690071105957,0.4350242018699646,8.668999671936035,8.962450981140137,0.6359832882881165,0.6898340582847595,2.5178287029266357,2.5050055980682373,0.029155194759368896,0.29345130920410156,0.053850769996643066,-0.012823104858398438
UPK_136,0.6401450037956238,0.9074880480766296,7.938000202178955,8.012773513793945,0.6395348906517029,0.4309932589530945,2.099602460861206,2.014030933380127,0.26734304428100586,0.07477331161499023,-0.2085416316986084,-0.0855715274810791
UPK_303,0.21018600463867188,0.22158712148666382,8.498000144958496,8.002642631530762,0.3093220293521881,0.7121564745903015,2.2599761486053467,2.23457932472229,0.011401116847991943,-0.4953575134277344,0.4028344452381134,-0.02539682388305664
UPK_429,0.8789870142936707,1.571479320526123,8.413000106811523,8.60682201385498,0.47826087474823,0.5457894206047058,2.0799505710601807,2.039229154586792,0.6924923062324524,0.19382190704345703,0.06752854585647583,-0.04072141647338867
UPK_467,0.5904060006141663,0.8593263030052185,8.111000061035156,8.32890796661377,0.3541666567325592,0.8747290372848511,2.2328522205352783,2.108295202255249,0.26892030239105225,0.21790790557861328,0.5205623805522919,-0.1245570182800293
UPK_612,0.22386500239372253,0.21065086126327515,8.121999740600586,8.357514381408691,0.2830188572406769,0.6135127544403076,2.219007730484009,2.2428371906280518,-0.013214141130447388,0.23551464080810547,0.33049389719963074,0.02382946014404297
