Cluster,mean_logage,mean_dist,mean_feh,mean_Av,q_thresh_gaia_plus,q_thresh_gaia,n_stars_binaries,n_stars_binaries_gaia,n_stars_MS,MS_lower_mass,MS_upper_mass
ASCC_20,7.406,361.261,-0.03,0.032,0.2,0.41133,66,50,185,0.17,5.6
Alessi_24,8.05,483.285,0.079,0.214,0.2,0.39873,120,95,245,0.26,3.77
BH_99,7.644,444.88,-0.099,0.305,0.20734,0.38549,266,208,549,0.19,5.16
Blanco_1,8.445,237.525,0.04,0.019,0.2,0.3934,163,142,694,0.18,3.01
COIN-Gaia_12,8.779,962.664,-0.033,0.37,0.27218,0.54285,74,33,120,0.47,2.08
COIN-Gaia_24,8.426,978.266,0.011,0.874,0.30872,0.51487,52,34,86,0.57,2.57
Collinder_135,7.678,294.689,-0.011,0.045,0.2,0.37809,86,63,195,0.17,3.6
Melotte_111,8.794,86.227,-0.05,0.025,0.2,0.4148,84,64,251,0.12,2.17
NGC_1039,8.4,500.549,0.07,0.195,0.28216,0.45571,388,287,891,0.3,3.04
NGC_1901,8.987,418.845,-0.145,0.173,0.27295,0.46097,93,81,198,0.25,1.81
NGC_2215,8.809,958.659,-0.087,0.735,0.24576,0.44341,112,92,173,0.47,2.07
NGC_2287,8.313,735.823,-0.13,0.203,0.27475,0.41086,481,405,836,0.36,3.23
NGC_2301,8.189,886.492,-0.008,0.203,0.2,0.45005,495,342,764,0.4,3.25
NGC_2360,9.031,1076.271,-0.03,0.306,0.3403,0.54823,439,311,940,0.49,1.81
NGC_2447,8.806,1027.628,-0.05,0.068,0.27605,0.52302,409,254,875,0.47,2.12
NGC_2482,8.601,1360.312,-0.07,0.31,0.27303,0.50593,99,71,164,0.58,2.43
NGC_2516,8.168,411.022,0.08,0.276,0.28696,0.41504,1116,918,2574,0.25,3.55
NGC_2539,8.87,1316.379,0.066,0.148,0.37461,0.5196,246,177,591,0.56,2.08
NGC_2682,9.55,864.246,0.02,0.113,0.25382,0.55561,510,345,1238,0.44,1.2
NGC_3114,8.158,990.941,0.05,0.243,0.2,0.50635,829,451,1444,0.45,3.74
NGC_3532,8.518,478.143,-0.034,0.193,0.26913,0.47737,1563,1103,2627,0.27,2.75
NGC_3680,9.243,1049.457,-0.1,0.248,0.37092,0.54742,48,39,94,0.5,1.51
NGC_5460,8.283,708.008,0.05,0.33,0.24894,0.47823,127,82,236,0.45,3.25
NGC_5822,8.966,827.819,0.02,0.435,0.25418,0.51388,423,254,642,0.49,1.87
NGC_6475,8.445,277.753,0.14,0.246,0.26415,0.39839,642,515,1354,0.24,2.84
NGC_6633,8.932,392.501,-0.043,0.287,0.26138,0.44107,317,283,412,0.25,2.02
NGC_6811,8.991,1150.717,-0.059,0.252,0.33006,0.51028,183,133,356,0.49,1.85
NGC_6866,8.832,1444.743,0.0,0.448,0.35718,0.493,207,172,332,0.61,2.06
NGC_6940,8.989,1009.287,0.009,0.445,0.27693,0.52964,464,340,678,0.5,1.83
NGC_6991,9.183,566.73,0.003,0.273,0.31723,0.4673,192,163,298,0.36,1.61
NGC_7058,7.803,365.789,0.01,0.165,0.2,0.41601,137,109,348,0.21,4.47
NGC_7063,7.873,669.29,-0.09,0.346,0.22048,0.41884,78,51,161,0.34,4.12
NGC_752,9.244,439.039,-0.082,0.141,0.31176,0.39349,139,130,340,0.26,1.51
RSG_5,7.804,334.673,0.105,0.032,0.2,0.41894,68,43,157,0.18,4.4
Ruprecht_147,9.447,304.35,0.12,0.247,0.29146,0.42597,86,79,194,0.29,1.29
Stephenson_1,7.819,356.353,0.201,0.035,0.2,0.43685,128,92,294,0.22,3.74
Stock_1,8.669,405.869,0.12,0.341,0.2,0.45448,152,110,239,0.3,2.27
UPK_136,7.938,640.145,-0.047,0.27,0.2,0.45338,55,39,86,0.37,4.2
UPK_303,8.498,210.186,0.118,0.024,0.2,0.43016,73,54,236,0.2,2.86
UPK_429,8.413,878.987,0.018,0.123,0.23446,0.54284,44,17,92,0.5,2.0
UPK_467,8.111,590.406,0.163,0.048,0.2,0.40865,51,33,144,0.35,3.21
UPK_612,8.122,223.865,0.021,0.144,0.2,0.37073,60,41,212,0.18,2.24
